{"cameraMode":{"drawMode":0,"name":"Shaded","section":"Shading Mode"},"sceneLighting":false,"audioPlay":false,"sceneViewState":{"showFog":false,"showMaterialUpdate":false,"showSkybox":false,"showFlares":true,"showImageEffects":true,"showParticleSystems":true},"in2DMode":false,"pivot":{"x":-13.949999809265137,"y":16.899999618530275,"z":-10.800000190734864},"rotation":{"x":0.49342864751815798,"y":0.008364248089492321,"z":-0.004677010700106621,"w":0.8698377013206482},"size":2.598076105117798,"orthographic":false}