{"cameraMode":{"drawMode":0,"name":"Shaded","section":"Shading Mode"},"sceneLighting":true,"audioPlay":false,"sceneViewState":{"showFog":false,"showMaterialUpdate":false,"showSkybox":true,"showFlares":true,"showImageEffects":true,"showParticleSystems":true},"in2DMode":false,"pivot":{"x":-18.937288284301759,"y":15.519779205322266,"z":-9.729519844055176},"rotation":{"x":0.20747815072536469,"y":0.3589765727519989,"z":-0.08209063857793808,"w":0.9063846468925476},"size":9.193851470947266,"orthographic":false}