{"cameraMode":{"drawMode":0,"name":"Shaded","section":"Shading Mode"},"sceneLighting":false,"audioPlay":false,"sceneViewState":{"showFog":false,"showMaterialUpdate":false,"showSkybox":false,"showFlares":true,"showImageEffects":true,"showParticleSystems":true},"in2DMode":false,"pivot":{"x":-13.949999809265137,"y":16.899999618530275,"z":-10.800000190734864},"rotation":{"x":0.20747815072536469,"y":0.3589765727519989,"z":-0.08209063857793808,"w":0.9063846468925476},"size":2.598076105117798,"orthographic":false}